{
  "profession": "cobblemon:nurse",
  "trades": {
    "novice": [
      {
        "type": "numismaticoverhaul:sell_stack",
        "price": 600,
        "sell": {
          "item": "cobblemon:oran_berry",
          "count": 1
        },
        "max_uses": 16,
        "villager_experience": 1
      },
      {
        "type": "numismaticoverhaul:sell_stack",
        "price": 600,
        "sell": {
          "item": "cobblemon:persim_berry",
          "count": 1
        },
        "max_uses": 16,
        "villager_experience": 1
      },
      {
        "type": "numismaticoverhaul:sell_stack",
        "price": 600,
        "sell": {
          "item": "cobblemon:energy_root",
          "count": 1
        },
        "max_uses": 12,
        "villager_experience": 1
      },
      {
        "type": "numismaticoverhaul:buy_stack",
        "price": 200,
        "buy": {
          "item": "cobblemon:medicinal_leek",
          "count": 24
        },
        "max_uses": 12,
        "villager_experience": 2
      }
    ],
    "apprentice": [
      {
        "type": "numismaticoverhaul:process_item",
		    "sell": {
		    "item": "cobblemon:medicinal_brew"
		    },
        "buy": {
          "item": "minecraft:glass_bottle",
          "count": 1
        },
		    "price": 1300,
		    "max_uses": 8,
        "villager_experience": 10
      },
      {
        "type": "numismaticoverhaul:sell_stack",
        "price": 300,
        "sell": {
          "item": "cobblemon:red_mint_leaf",
          "count": 1
        },
        "max_uses": 8,
        "villager_experience": 10
      },
      {
        "type": "numismaticoverhaul:sell_stack",
        "price": 300,
        "sell": {
          "item": "cobblemon:white_mint_leaf",
          "count": 1
        },
        "max_uses": 8,
        "villager_experience": 10
      },
      {
        "type": "numismaticoverhaul:sell_stack",
        "price": 300,
        "sell": {
          "item": "cobblemon:blue_mint_leaf",
          "count": 1
        },
        "max_uses": 8,
        "villager_experience": 10
      },
      {
        "type": "numismaticoverhaul:sell_stack",
        "price": 300,
        "sell": {
          "item": "cobblemon:cyan_mint_leaf",
          "count": 1
        },
        "max_uses": 8,
        "villager_experience": 10
      },
      {
        "type": "numismaticoverhaul:sell_stack",
        "price": 300,
        "sell": {
          "item": "cobblemon:pink_mint_leaf",
          "count": 1
        },
        "max_uses": 8,
        "villager_experience": 10
      },
      {
        "type": "numismaticoverhaul:sell_stack",
        "price": 300,
        "sell": {
          "item": "cobblemon:green_mint_leaf",
          "count": 1
        },
        "max_uses": 8,
        "villager_experience": 10
      }
    ],
    "journeyman": [
      {
        "type": "numismaticoverhaul:sell_stack",
        "price": 100,
        "sell": {
          "item": "minecraft:glass_bottle",
          "count": 1
        },
        "max_uses": 16,
        "villager_experience": 10
      },
      {
        "type": "numismaticoverhaul:buy_stack",
        "price": 300,
        "buy": {
          "item": "cobblemon:mulch_base",
          "count": 4
        },
        "max_uses": 16,
        "villager_experience": 10
      }
    ],
    "expert": [
      {
        "type": "numismaticoverhaul:sell_stack",
        "price": 1300,
        "sell": {
          "item": "cobblemon:revival_herb",
          "count": 1
        },
        "max_uses": 16,
        "villager_experience": 10
      },
      {
        "type": "numismaticoverhaul:sell_stack",
        "price": 3800,
        "sell": {
          "item": "cobblemon:vivichoke_seeds",
          "count": 1
        },
        "max_uses": 4,
        "villager_experience": 10
      }
    ],
    "master": [
      {
        "type": "numismaticoverhaul:process_item",
		    "sell": {
		    "item": "cobblemon:antidote"
		    },
        "buy": {
          "item": "minecraft:glass_bottle",
          "count": 1
        },
		    "price": 1600,
		    "max_uses": 12,
        "villager_experience": 30
      },
      {
        "type": "numismaticoverhaul:process_item",
		    "sell": {
		    "item": "cobblemon:awakening"
		    },
        "buy": {
          "item": "minecraft:glass_bottle",
          "count": 1
        },
		    "price": 1600,
		    "max_uses": 12,
        "villager_experience": 30
      },
      {
        "type": "numismaticoverhaul:process_item",
		    "sell": {
		    "item": "cobblemon:burn_heal"
		    },
        "buy": {
          "item": "minecraft:glass_bottle",
          "count": 1
        },
		    "price": 1600,
		    "max_uses": 12,
        "villager_experience": 30
      },
      {
        "type": "numismaticoverhaul:process_item",
		    "sell": {
		    "item": "cobblemon:ice_heal"
		    },
        "buy": {
          "item": "minecraft:glass_bottle",
          "count": 1
        },
		    "price": 1600,
		    "max_uses": 12,
        "villager_experience": 30
      },
      {
        "type": "numismaticoverhaul:process_item",
		    "sell": {
		    "item": "cobblemon:paralyze_heal"
		    },
        "buy": {
          "item": "minecraft:glass_bottle",
          "count": 1
        },
		    "price": 1600,
		    "max_uses": 12,
        "villager_experience": 30
      },
      {
        "type": "numismaticoverhaul:process_item",
		    "sell": {
		    "item": "cobblemon:vivichoke_dip"
		    },
        "buy": {
          "item": "minecraft:bowl",
          "count": 1
        },
		    "price": 3400,
		    "max_uses": 4,
        "villager_experience": 30
      }
    ]
  }
}