{
    "pools": [
		{
      "rolls": 1,
      "entries": [
        {
          "type": "minecraft:item",
          "name": "numismaticoverhaul:bronze_coin",
          "functions": [
            {
              "function": "minecraft:set_count",
              "count": {
                "type": "minecraft:uniform",
                "min": 0,
                "max": 50
              }
            }
          ],
          "conditions": [
            {
              "condition": "rctmod:level_range",
              "range": {
                "min": 1,
                "max": 25
              }
            }
          ]
        }
      ]
    },
       {
      "rolls": 1,
      "entries": [
        {
          "type": "minecraft:item",
          "name": "numismaticoverhaul:silver_coin",
          "functions": [
            {
              "function": "minecraft:set_count",
              "count": {
                "type": "minecraft:uniform",
                "min": 1,
                "max": 15
              }
            }
          ],
          "conditions": [
            {
              "condition": "rctmod:level_range",
              "range": {
                "min": 1,
                "max": 25
              }
            }
          ]
        }
      ]
    },
	{
      "rolls": 1,
      "entries": [
        {
          "type": "minecraft:item",
          "name": "numismaticoverhaul:bronze_coin",
          "functions": [
            {
              "function": "minecraft:set_count",
              "count": {
                "type": "minecraft:uniform",
                "min": 25,
                "max": 75
              }
            }
          ],
          "conditions": [
            {
              "condition": "rctmod:level_range",
              "range": {
                "min": 26,
                "max": 50
              }
            }
          ]
        }
      ]
    },
    {
      "rolls": 1,
      "entries": [
        {
          "type": "minecraft:item",
          "name": "numismaticoverhaul:silver_coin",
          "functions": [
            {
              "function": "minecraft:set_count",
              "count": {
                "type": "minecraft:uniform",
                "min": 3,
                "max": 20
              }
            }
          ],
          "conditions": [
            {
              "condition": "rctmod:level_range",
              "range": {
                "min": 26,
                "max": 50
              }
            }
          ]
        }
      ]
    },
	{
      "rolls": 1,
      "entries": [
        {
          "type": "minecraft:item",
          "name": "numismaticoverhaul:bronze_coin",
          "functions": [
            {
              "function": "minecraft:set_count",
              "count": {
                "type": "minecraft:uniform",
                "min": 30,
                "max": 80
              }
            }
          ],
          "conditions": [
            {
              "condition": "rctmod:level_range",
              "range": {
                "min": 51,
                "max": 75
              }
            }
          ]
        }
      ]
    },
       {
      "rolls": 1,
      "entries": [
        {
          "type": "minecraft:item",
          "name": "numismaticoverhaul:silver_coin",
          "functions": [
            {
              "function": "minecraft:set_count",
              "count": {
                "type": "minecraft:uniform",
                "min": 5,
                "max": 40
              }
            }
          ],
          "conditions": [
            {
              "condition": "rctmod:level_range",
              "range": {
                "min": 51,
                "max": 75
              }
            }
          ]
        }
      ]
    },
       {
      "rolls": 1,
      "entries": [
        {
          "type": "minecraft:item",
          "name": "numismaticoverhaul:silver_coin",
          "functions": [
            {
              "function": "minecraft:set_count",
              "count": {
                "type": "minecraft:uniform",
                "min": 10,
                "max": 80
              }
            }
          ],
          "conditions": [
            {
              "condition": "rctmod:level_range",
              "range": {
                "min": 76,
                "max": 100
              }
            }
          ]
        }
      ]
    }
  ]
}
  